Scenario,Fixed_Pct_TD,Remove_Wildfire,ROE_Reduction,Fixed_CARE,Fixed_NonCARE,Scaling,Vol_Avg,Total_Revenue,summer_peak,summer_midpeak,summer_offpeak,winter_peak,winter_midpeak,winter_offpeak
F0_WF0_ROE0,0,False,0.0,0.0,0.0,1.0,0.5295,3575397107.5152,0.6,0.527,0.45,0.5816,0.519,0.5008
F0_WF0_ROE0.5,0,False,0.5,0.0,0.0,0.9917,0.5251,3545551623.5115,0.595,0.5226,0.4462,0.5767,0.5147,0.4967
F0_WF0_ROE1.0,0,False,1.0,0.0,0.0,0.9833,0.5207,3515706139.5078,0.59,0.5182,0.4425,0.5718,0.5103,0.4925
F0_WF0_ROE1.5,0,False,1.5,0.0,0.0,0.975,0.5163,3485860655.5041,0.585,0.5138,0.4387,0.567,0.506,0.4883
F0_WF1_ROE0,0,True,0.0,0.0,0.0,0.9022,0.4778,3225825844.121,0.5413,0.4755,0.406,0.5247,0.4682,0.4519
F0_WF1_ROE0.5,0,True,0.5,0.0,0.0,0.8939,0.4733,3195980360.1173,0.5363,0.4711,0.4022,0.5198,0.4639,0.4477
F0_WF1_ROE1.0,0,True,1.0,0.0,0.0,0.8855,0.4689,3166134876.1136,0.5313,0.4667,0.3985,0.515,0.4596,0.4435
F0_WF1_ROE1.5,0,True,1.5,0.0,0.0,0.8772,0.4645,3136289392.1099,0.5263,0.4623,0.3947,0.5101,0.4553,0.4393
F25_WF0_ROE0,25,False,0.0,18.3804,45.9511,0.8578,0.4542,3575397107.5152,0.5147,0.4521,0.386,0.4989,0.4452,0.4296
F25_WF0_ROE0.5,25,False,0.5,18.3804,45.9511,0.8495,0.4498,3545551623.5115,0.5097,0.4477,0.3823,0.494,0.4409,0.4254
F25_WF0_ROE1.0,25,False,1.0,18.3804,45.9511,0.8411,0.4454,3515706139.5078,0.5047,0.4433,0.3785,0.4892,0.4365,0.4213
F25_WF0_ROE1.5,25,False,1.5,18.3804,45.9511,0.8328,0.441,3485860655.5041,0.4997,0.4389,0.3747,0.4843,0.4322,0.4171
F25_WF1_ROE0,25,True,0.0,18.3804,45.9511,0.76,0.4025,3225825844.121,0.456,0.4005,0.342,0.442,0.3945,0.3807
F25_WF1_ROE0.5,25,True,0.5,18.3804,45.9511,0.7517,0.398,3195980360.1173,0.451,0.3961,0.3383,0.4372,0.3901,0.3765
F25_WF1_ROE1.0,25,True,1.0,18.3804,45.9511,0.7434,0.3936,3166134876.1136,0.446,0.3917,0.3345,0.4323,0.3858,0.3723
F25_WF1_ROE1.5,25,True,1.5,18.3804,45.9511,0.735,0.3892,3136289392.1099,0.441,0.3873,0.3308,0.4274,0.3815,0.3681
F50_WF0_ROE0,50,False,0.0,36.7609,91.9022,0.7156,0.379,3575397107.5152,0.4294,0.3771,0.322,0.4162,0.3714,0.3584
F50_WF0_ROE0.5,50,False,0.5,36.7609,91.9022,0.7073,0.3745,3545551623.5115,0.4244,0.3727,0.3183,0.4113,0.3671,0.3542
F50_WF0_ROE1.0,50,False,1.0,36.7609,91.9022,0.6989,0.3701,3515706139.5078,0.4194,0.3683,0.3145,0.4065,0.3627,0.3501
F50_WF0_ROE1.5,50,False,1.5,36.7609,91.9022,0.6906,0.3657,3485860655.5041,0.4144,0.3639,0.3108,0.4016,0.3584,0.3459
F50_WF1_ROE0,50,True,0.0,36.7609,91.9022,0.6179,0.3272,3225825844.121,0.3707,0.3256,0.278,0.3593,0.3207,0.3095
F50_WF1_ROE0.5,50,True,0.5,36.7609,91.9022,0.6095,0.3228,3195980360.1173,0.3657,0.3212,0.2743,0.3545,0.3163,0.3053
F50_WF1_ROE1.0,50,True,1.0,36.7609,91.9022,0.6012,0.3183,3166134876.1136,0.3607,0.3168,0.2705,0.3496,0.312,0.3011
F50_WF1_ROE1.5,50,True,1.5,36.7609,91.9022,0.5928,0.3139,3136289392.1099,0.3557,0.3124,0.2668,0.3448,0.3077,0.2969
F75_WF0_ROE0,75,False,0.0,55.1413,137.8533,0.5735,0.3037,3575397107.5152,0.3441,0.3022,0.2581,0.3335,0.2976,0.2872
F75_WF0_ROE0.5,75,False,0.5,55.1413,137.8533,0.5651,0.2992,3545551623.5115,0.3391,0.2978,0.2543,0.3286,0.2933,0.283
F75_WF0_ROE1.0,75,False,1.0,55.1413,137.8533,0.5568,0.2948,3515706139.5078,0.3341,0.2934,0.2505,0.3238,0.289,0.2789
F75_WF0_ROE1.5,75,False,1.5,55.1413,137.8533,0.5484,0.2904,3485860655.5041,0.3291,0.289,0.2468,0.3189,0.2846,0.2747
F75_WF1_ROE0,75,True,0.0,55.1413,137.8533,0.4757,0.2519,3225825844.121,0.2854,0.2507,0.2141,0.2766,0.2469,0.2382
F75_WF1_ROE0.5,75,True,0.5,55.1413,137.8533,0.4673,0.2475,3195980360.1173,0.2804,0.2463,0.2103,0.2718,0.2425,0.2341
F75_WF1_ROE1.0,75,True,1.0,55.1413,137.8533,0.459,0.2431,3166134876.1136,0.2754,0.2419,0.2065,0.2669,0.2382,0.2299
F75_WF1_ROE1.5,75,True,1.5,55.1413,137.8533,0.4506,0.2386,3136289392.1099,0.2704,0.2375,0.2028,0.2621,0.2339,0.2257
F100_WF0_ROE0,100,False,0.0,73.5218,183.8044,0.4313,0.2284,3575397107.5152,0.2588,0.2273,0.1941,0.2508,0.2238,0.216
F100_WF0_ROE0.5,100,False,0.5,73.5218,183.8044,0.4229,0.224,3545551623.5115,0.2538,0.2229,0.1903,0.246,0.2195,0.2118
F100_WF0_ROE1.0,100,False,1.0,73.5218,183.8044,0.4146,0.2195,3515706139.5078,0.2488,0.2185,0.1866,0.2411,0.2152,0.2076
F100_WF0_ROE1.5,100,False,1.5,73.5218,183.8044,0.4062,0.2151,3485860655.5041,0.2437,0.2141,0.1828,0.2362,0.2108,0.2035
F100_WF1_ROE0,100,True,0.0,73.5218,183.8044,0.3335,0.1766,3225825844.121,0.2001,0.1758,0.1501,0.194,0.1731,0.167
F100_WF1_ROE0.5,100,True,0.5,73.5218,183.8044,0.3252,0.1722,3195980360.1173,0.1951,0.1714,0.1463,0.1891,0.1688,0.1629
F100_WF1_ROE1.0,100,True,1.0,73.5218,183.8044,0.3168,0.1678,3166134876.1136,0.1901,0.167,0.1426,0.1842,0.1644,0.1587
F100_WF1_ROE1.5,100,True,1.5,73.5218,183.8044,0.3085,0.1633,3136289392.1099,0.1851,0.1626,0.1388,0.1794,0.1601,0.1545
