Scenario,Fixed_Pct_TD,Remove_Wildfire,ROE_Reduction,Fixed_CARE,Fixed_NonCARE,Scaling,Vol_Avg,Total_Revenue,summer_peak,summer_offpeak,winter_peak,winter_midpeak,winter_offpeak
F0_WF0_ROE0,0,False,0.0,0.0,0.0,1.0,0.4468,13169305467.9868,0.5927,0.387,0.557,0.417,0.377
F0_WF0_ROE0.5,0,False,0.5,0.0,0.0,0.9946,0.4444,13088388111.2216,0.5895,0.3849,0.554,0.4148,0.375
F0_WF0_ROE1.0,0,False,1.0,0.0,0.0,0.9892,0.442,13007470754.4563,0.5863,0.3828,0.551,0.4125,0.3729
F0_WF0_ROE1.5,0,False,1.5,0.0,0.0,0.9838,0.4396,12926553397.691,0.5831,0.3807,0.548,0.4103,0.3709
F0_WF1_ROE0,0,True,0.0,0.0,0.0,0.8533,0.3813,10967864892.1261,0.5057,0.3302,0.4753,0.3558,0.3217
F0_WF1_ROE0.5,0,True,0.5,0.0,0.0,0.8479,0.3789,10886947535.3609,0.5025,0.3281,0.4723,0.3536,0.3196
F0_WF1_ROE1.0,0,True,1.0,0.0,0.0,0.8425,0.3765,10806030178.5956,0.4993,0.326,0.4693,0.3513,0.3176
F0_WF1_ROE1.5,0,True,1.5,0.0,0.0,0.8371,0.374,10725112821.8304,0.4962,0.324,0.4663,0.3491,0.3156
F25_WF0_ROE0,25,False,0.0,9.4747,38.2043,0.8741,0.3906,13169305467.9868,0.5181,0.3383,0.4869,0.3645,0.3296
F25_WF0_ROE0.5,25,False,0.5,9.3211,37.5851,0.8708,0.3891,13088388111.2216,0.5161,0.337,0.485,0.3631,0.3283
F25_WF0_ROE1.0,25,False,1.0,9.1687,36.9707,0.8674,0.3876,13007470754.4563,0.5141,0.3357,0.4832,0.3617,0.327
F25_WF0_ROE1.5,25,False,1.5,9.0175,36.361,0.864,0.3861,12926553397.691,0.5121,0.3344,0.4813,0.3603,0.3257
F25_WF1_ROE0,25,True,0.0,5.8208,23.4711,0.7759,0.3467,10967864892.1261,0.4599,0.3003,0.4322,0.3236,0.2925
F25_WF1_ROE0.5,25,True,0.5,5.6986,22.9781,0.7722,0.345,10886947535.3609,0.4577,0.2988,0.4301,0.322,0.2911
F25_WF1_ROE1.0,25,True,1.0,5.5775,22.49,0.7684,0.3433,10806030178.5956,0.4554,0.2974,0.428,0.3204,0.2897
F25_WF1_ROE1.5,25,True,1.5,5.4576,22.0065,0.7646,0.3416,10725112821.8304,0.4532,0.2959,0.4259,0.3188,0.2882
F50_WF0_ROE0,50,False,0.0,18.9493,76.4086,0.7483,0.3344,13169305467.9868,0.4435,0.2896,0.4168,0.312,0.2821
F50_WF0_ROE0.5,50,False,0.5,18.6422,75.1702,0.747,0.3338,13088388111.2216,0.4427,0.2891,0.4161,0.3115,0.2816
F50_WF0_ROE1.0,50,False,1.0,18.3375,73.9414,0.7456,0.3332,13007470754.4563,0.4419,0.2886,0.4153,0.3109,0.2811
F50_WF0_ROE1.5,50,False,1.5,18.0351,72.7221,0.7443,0.3326,12926553397.691,0.4411,0.288,0.4145,0.3104,0.2806
F50_WF1_ROE0,50,True,0.0,11.6417,46.9421,0.6986,0.3122,10967864892.1261,0.4141,0.2704,0.3891,0.2913,0.2634
F50_WF1_ROE0.5,50,True,0.5,11.3972,45.9563,0.6965,0.3112,10886947535.3609,0.4128,0.2695,0.3879,0.2904,0.2626
F50_WF1_ROE1.0,50,True,1.0,11.155,44.9799,0.6943,0.3102,10806030178.5956,0.4115,0.2687,0.3867,0.2895,0.2618
F50_WF1_ROE1.5,50,True,1.5,10.9152,44.0131,0.6921,0.3093,10725112821.8304,0.4102,0.2678,0.3855,0.2886,0.2609
F75_WF0_ROE0,75,False,0.0,28.424,114.6129,0.6224,0.2781,13169305467.9868,0.3689,0.2409,0.3467,0.2596,0.2347
F75_WF0_ROE0.5,75,False,0.5,27.9633,112.7554,0.6232,0.2785,13088388111.2216,0.3694,0.2412,0.3471,0.2599,0.2349
F75_WF0_ROE1.0,75,False,1.0,27.5062,110.9121,0.6238,0.2788,13007470754.4563,0.3698,0.2414,0.3475,0.2601,0.2352
F75_WF0_ROE1.5,75,False,1.5,27.0526,109.0831,0.6245,0.279,12926553397.691,0.3701,0.2417,0.3478,0.2604,0.2354
F75_WF1_ROE0,75,True,0.0,17.4625,70.4132,0.6213,0.2776,10967864892.1261,0.3683,0.2404,0.3461,0.2591,0.2342
F75_WF1_ROE0.5,75,True,0.5,17.0957,68.9344,0.6208,0.2774,10886947535.3609,0.3679,0.2402,0.3458,0.2589,0.234
F75_WF1_ROE1.0,75,True,1.0,16.7325,67.4699,0.6202,0.2771,10806030178.5956,0.3676,0.24,0.3455,0.2586,0.2338
F75_WF1_ROE1.5,75,True,1.5,16.3729,66.0196,0.6196,0.2769,10725112821.8304,0.3672,0.2398,0.3451,0.2584,0.2336
F100_WF0_ROE0,100,False,0.0,37.8987,152.8172,0.4966,0.2219,13169305467.9868,0.2943,0.1922,0.2766,0.2071,0.1872
F100_WF0_ROE0.5,100,False,0.5,37.2844,150.3405,0.4993,0.2231,13088388111.2216,0.296,0.1932,0.2781,0.2082,0.1883
F100_WF0_ROE1.0,100,False,1.0,36.6749,147.8828,0.502,0.2243,13007470754.4563,0.2976,0.1943,0.2796,0.2094,0.1893
F100_WF0_ROE1.5,100,False,1.5,36.0701,145.4441,0.5047,0.2255,12926553397.691,0.2991,0.1953,0.2811,0.2105,0.1903
F100_WF1_ROE0,100,True,0.0,23.2833,93.8843,0.544,0.2431,10967864892.1261,0.3224,0.2105,0.303,0.2268,0.2051
F100_WF1_ROE0.5,100,True,0.5,22.7943,91.9125,0.5451,0.2436,10886947535.3609,0.3231,0.2109,0.3036,0.2273,0.2055
F100_WF1_ROE1.0,100,True,1.0,22.31,89.9598,0.5461,0.244,10806030178.5956,0.3237,0.2113,0.3042,0.2277,0.2059
F100_WF1_ROE1.5,100,True,1.5,21.8305,88.0261,0.5471,0.2445,10725112821.8304,0.3243,0.2117,0.3047,0.2281,0.2063
